rank,total_amount_eth,total_amount_usd,address_short,last_campaign_end,last_found_date,min_unclaimed_days,max_unclaimed_days,avg_unclaimed_days,avg_claim_probability,total_campaigns,unique_tokens,unique_chains,max_score,total_expected_value,urgency,profit_tier,value_density,inactivity_score,time_decay_risk,recommended_action,opportunity_type,tokens_breakdown,chains_breakdown,whale_flag,is_diversified,address_score
974,0.020915999999999997,48.96,0xb3e6...0cba,2026-04-29,2026-04-17,0.0,2.0,1.0,84.5,2,1,1,29.7565045,12.24,low,micro,4.87,very_low,very_high,monitor_monthly,high_confidence_low_value,MORPHO:0.0209ETH,Base:0.0209ETH,no,no,30.8715
993,0.02037626,47.68,0x6cb4...45bd,2026-04-30,2026-04-17,0.0,0.0,0.0,68.25,4,2,1,25.260761,10.040000000000001,low,micro,3.67,very_low,very_high,monitor_monthly,high_confidence_low_value,MORPHO:0.0177ETH; USDT:0.0027ETH,Ethereum:0.0204ETH,no,yes,27.0199
1012,0.01986357,46.489999999999995,0x381b...ac47,2026-04-29,2026-04-17,0.0,2.0,1.0,84.5,2,1,1,29.7423315,11.63,low,micro,4.66,very_low,very_high,monitor_monthly,high_confidence_low_value,MORPHO:0.0199ETH,Base:0.0199ETH,no,no,30.8174
1031,0.0194007,45.410000000000004,0xe198...daeb,2026-04-29,2026-04-17,0.0,2.0,1.0,84.5,2,1,1,29.736438999999997,11.36,low,micro,4.57,very_low,very_high,monitor_monthly,high_confidence_low_value,MORPHO:0.0194ETH,Base:0.0194ETH,no,no,30.7937
1050,0.01858091,43.49,0xa656...d325,2026-03-18,2026-04-17,30.0,58.0,44.0,94.6,5,1,1,30.749723,10.87,low,micro,1.37,low,medium,monitor_monthly,high_confidence_low_value,QUICK:0.0186ETH,Polygon:0.0186ETH,no,no,35.384
1069,0.0182442,42.7,0xdba3...fae7,2026-04-30,2026-04-17,0.0,0.0,0.0,69.5,2,1,1,25.464883999999998,9.39,low,micro,3.0,very_low,very_high,monitor_monthly,high_confidence_low_value,MORPHO:0.0182ETH,Ethereum:0.0182ETH,no,no,25.8087
1088,0.017723219999999998,41.48,0x8ee7...c522,2026-04-29,2026-04-17,0.0,2.0,1.0,84.5,2,1,1,29.730831,10.37,low,micro,4.14,very_low,very_high,monitor_monthly,high_confidence_low_value,MORPHO:0.0177ETH,Base:0.0177ETH,no,no,30.7092
1107,0.017102609999999997,40.019999999999996,0x3e9c...280b,2026-04-04,2026-04-17,13.0,28.0,20.5,82.5,2,1,1,29.2098605,10.01,low,micro,3.54,very_low,high,monitor_monthly,high_confidence_low_value,OP:0.0171ETH,Optimism:0.0171ETH,no,no,30.0261
1126,0.01658362,38.81,0x312a...a138,2026-04-29,2026-04-17,0.0,2.0,1.0,84.5,2,1,1,29.718829,9.700000000000001,low,micro,3.89,very_low,very_high,monitor_monthly,high_confidence_low_value,MORPHO:0.0166ETH,Base:0.0166ETH,no,no,30.6511
1145,0.01624176,38.01,0xeff2...66a7,2026-04-29,2026-04-17,0.0,2.0,1.0,84.5,2,1,1,29.814977,9.51,low,micro,3.27,very_low,very_high,monitor_monthly,high_confidence_low_value,MORPHO:0.0162ETH,Base:0.0162ETH,no,no,30.6436
1164,0.01583344,37.06,0x047b...6e44,2026-04-26,2026-04-17,0.0,0.0,0.0,45.0,1,1,1,16.291672,3.71,low,standard,4.34,very_low,very_high,monitor_monthly,speculative,wETH:0.0158ETH,Ethereum:0.0158ETH,no,no,16.9208
1183,0.01551691,36.31,0xf143...389f,2026-04-29,2026-04-17,0.0,2.0,1.0,84.5,2,1,1,29.7111855,9.08,low,micro,3.64,very_low,very_high,monitor_monthly,high_confidence_low_value,MORPHO:0.0155ETH,Base:0.0155ETH,no,no,30.597
1202,0.01507058,35.28,0xeed8...534b,2026-02-18,2026-04-17,57.0,57.0,57.0,95.0,2,1,1,30.8767645,8.82,low,micro,2.06,low,medium,monitor_monthly,high_confidence_low_value,MORPHO:0.0151ETH,Arbitrum:0.0151ETH,no,no,33.8412
1221,0.01482418,34.68,0xacf8...c422,2026-04-16,2026-04-17,0.0,2.0,0.5,88.0,4,1,1,28.6880845,8.66,low,micro,1.58,very_low,very_high,monitor_monthly,high_confidence_low_value,QUICK:0.0148ETH,Base:0.0148ETH,no,no,32.51
1240,0.014557869999999999,34.07,0x9b46...bb78,2026-04-23,2026-04-17,0.0,0.0,0.0,80.5,2,1,1,28.5946875,8.52,low,micro,2.92,very_low,very_high,monitor_monthly,high_confidence_low_value,QUICK:0.0146ETH,Base:0.0146ETH,no,no,29.2374
1259,0.01435819,33.6,0xe855...e6d5,2026-04-30,2026-04-17,0.0,0.0,0.0,59.5,2,2,1,21.202526,6.72,low,micro,3.3,very_low,very_high,monitor_monthly,speculative,MORPHO:0.0121ETH; USDT:0.0023ETH,Ethereum:0.0144ETH,no,yes,22.6882
1278,0.0140664,32.92,0x9790...3c14,2026-02-18,2026-04-17,57.0,57.0,57.0,95.0,2,1,1,30.85166,8.24,low,micro,1.93,low,medium,monitor_monthly,high_confidence_low_value,MORPHO:0.0141ETH,Arbitrum:0.0141ETH,no,no,33.7885
1297,0.013756359999999999,32.2,0x4977...e8d0,2026-04-30,2026-04-17,0.0,0.0,0.0,63.666666666666664,3,3,1,25.352449999999997,7.029999999999999,low,micro,1.94,very_low,very_high,monitor_monthly,speculative,PYUSD:0.0071ETH; MORPHO:0.005ETH; USDT:0.0016ETH,Ethereum:0.0138ETH,no,yes,25.3231
1316,0.01333382,31.21,0x09c0...50bd,2026-04-26,2026-04-17,0.0,0.0,0.0,45.0,1,1,1,16.166691,3.12,low,standard,3.65,very_low,very_high,monitor_monthly,speculative,wETH:0.0133ETH,Ethereum:0.0133ETH,no,no,16.7834
1335,0.01313449,30.74,0xdc60...2bec,2026-04-29,2026-04-17,0.0,2.0,1.0,84.5,2,1,1,29.694114499999998,7.68,low,micro,3.08,very_low,very_high,monitor_monthly,high_confidence_low_value,MORPHO:0.0131ETH,Base:0.0131ETH,no,no,30.4761
1354,0.01290178,30.2,0x632a...c4a8,2026-02-18,2026-04-17,57.0,57.0,57.0,95.0,2,1,1,30.8225445,7.54,low,micro,1.77,low,medium,monitor_monthly,high_confidence_low_value,MORPHO:0.0129ETH,Arbitrum:0.0129ETH,no,no,33.7273
1373,0.01238482,28.979999999999997,0x6fcd...6dfe,2026-04-29,2026-04-17,0.0,2.0,1.0,84.5,2,1,1,29.688743,7.25,low,micro,2.91,very_low,very_high,monitor_monthly,high_confidence_low_value,MORPHO:0.0124ETH,Base:0.0124ETH,no,no,30.4381
1392,0.01208648,28.28,0x934e...1239,2026-02-18,2026-04-17,57.0,57.0,57.0,95.0,2,1,1,30.802162,7.08,low,micro,1.66,low,medium,monitor_monthly,high_confidence_low_value,MORPHO:0.0121ETH,Arbitrum:0.0121ETH,no,no,33.6845
1411,0.01183571,27.7,0xf3aa...fb9d,2026-04-29,2026-04-17,0.0,2.0,1.0,92.0,2,1,1,30.035597999999997,6.93,low,micro,2.39,very_low,very_high,monitor_monthly,high_confidence_low_value,MORPHO:0.0118ETH,Base:0.0118ETH,no,no,32.6953
1430,0.01160694,27.16,0xdc8c...90ed,2026-04-29,2026-04-17,0.0,2.0,1.0,92.0,2,1,1,30.097178,6.79,low,micro,2.72,very_low,very_high,monitor_monthly,high_confidence_low_value,MORPHO:0.0116ETH,Base:0.0116ETH,no,no,32.6901
1449,0.011430300000000001,26.75,0xaff6...f44f,2026-04-29,2026-04-17,0.0,2.0,1.0,92.0,2,1,1,30.089611499999997,6.69,low,micro,2.68,very_low,very_high,monitor_monthly,high_confidence_low_value,MORPHO:0.0114ETH,Base:0.0114ETH,no,no,32.6805
1468,0.01114134,26.08,0xcfcb...03bf,2026-04-29,2026-04-17,0.0,2.0,1.0,92.0,2,1,1,30.077201499999997,6.52,low,micro,2.62,very_low,very_high,monitor_monthly,high_confidence_low_value,MORPHO:0.0111ETH,Base:0.0111ETH,no,no,32.6648
1487,0.01105412,25.88,0xd4dd...8dba,2026-02-18,2026-04-17,57.0,57.0,57.0,95.0,2,1,1,30.776353,6.46,low,micro,1.51,low,medium,monitor_monthly,high_confidence_low_value,MORPHO:0.0111ETH,Arbitrum:0.0111ETH,no,no,33.6303
1506,0.010943310000000001,25.619999999999997,0x155c...60aa,2026-04-29,2026-04-17,0.0,2.0,1.0,92.0,2,1,1,30.069719499999998,6.41,low,micro,2.57,very_low,very_high,monitor_monthly,high_confidence_low_value,MORPHO:0.0109ETH,Base:0.0109ETH,no,no,32.6541
1525,0.01081236,25.310000000000002,0x98a6...9ab9,2026-04-29,2026-04-17,0.0,2.0,1.0,92.0,2,1,1,30.062920499999997,6.33,low,micro,2.54,very_low,very_high,monitor_monthly,high_confidence_low_value,MORPHO:0.0108ETH,Base:0.0108ETH,no,no,32.6469
1544,0.01061463,24.84,0xa691...a1f0,2026-04-26,2026-04-17,0.0,0.0,0.0,45.0,1,1,1,16.0307315,2.48,low,standard,2.91,very_low,very_high,monitor_monthly,speculative,wETH:0.0106ETH,Ethereum:0.0106ETH,no,no,16.6338
1563,0.010334699999999999,24.189999999999998,0x550c...6fc5,2026-04-29,2026-04-17,0.0,2.0,1.0,92.0,2,1,1,30.042682,6.05,low,micro,2.43,very_low,very_high,monitor_monthly,high_confidence_low_value,MORPHO:0.0103ETH,Base:0.0103ETH,no,no,32.621
1582,0.010156450000000001,23.77,0x50fe...e6b7,2026-04-30,2026-04-17,0.0,0.0,0.0,77.0,2,1,1,25.404693499999997,5.9399999999999995,low,micro,1.67,very_low,very_high,monitor_monthly,high_confidence_low_value,MORPHO:0.0102ETH,Ethereum:0.0102ETH,no,no,27.6483
1601,0.00993778,23.259999999999998,0xca42...417e,2026-04-29,2026-04-17,0.0,2.0,1.0,92.0,2,1,1,29.940782999999996,5.82,low,micro,1.87,very_low,very_high,monitor_monthly,high_confidence_low_value,MORPHO:0.0099ETH,Base:0.0099ETH,no,no,32.591
1620,0.00981172,22.96,0x279a...65ff,2026-04-30,2026-04-17,0.0,0.0,0.0,77.0,1,1,1,25.590586,5.74,low,micro,2.69,very_low,very_high,monitor_monthly,high_confidence_low_value,MORPHO:0.0098ETH,Ethereum:0.0098ETH,no,no,27.1496
1639,0.009679509999999999,22.66,0xb097...ea8c,2026-04-29,2026-04-17,0.0,2.0,1.0,92.0,2,1,1,30.027638999999997,5.66,low,micro,2.34,very_low,very_high,monitor_monthly,high_confidence_low_value,MORPHO:0.0097ETH,Base:0.0097ETH,no,no,32.5867
1658,0.0094748,22.18,0x7691...29b9,2026-04-29,2026-04-17,0.0,2.0,1.0,92.0,2,1,1,29.918472499999996,5.55,low,micro,1.75,very_low,very_high,monitor_monthly,high_confidence_low_value,MORPHO:0.0095ETH,Base:0.0095ETH,no,no,32.5656
1677,0.00922504,21.59,0x14bc...f9ed,2026-04-29,2026-04-17,0.0,2.0,1.0,92.0,2,1,1,29.995150499999998,5.390000000000001,low,micro,2.17,very_low,very_high,monitor_monthly,high_confidence_low_value,MORPHO:0.0092ETH,Base:0.0092ETH,no,no,32.5608
1696,0.00910481,21.3,0xe6f8...6dff,2026-04-29,2026-04-17,0.0,2.0,1.0,92.0,2,1,1,29.990000499999997,5.319999999999999,low,micro,2.14,very_low,very_high,monitor_monthly,high_confidence_low_value,MORPHO:0.0091ETH,Base:0.0091ETH,no,no,32.5542
1715,0.008834149999999999,20.67,0x0d53...c516,2026-04-29,2026-04-17,0.0,2.0,1.0,92.0,2,1,1,29.843375499999997,5.17,low,micro,1.33,very_low,very_high,monitor_monthly,high_confidence_low_value,MORPHO:0.0088ETH,Base:0.0088ETH,no,no,32.526
1734,0.00877162,20.53,0xf8b3...0584,2026-04-29,2026-04-17,0.0,2.0,1.0,92.0,2,1,1,29.9757285,5.130000000000001,low,micro,2.06,very_low,very_high,monitor_monthly,high_confidence_low_value,MORPHO:0.0088ETH,Base:0.0088ETH,no,no,32.5362
1753,0.00868684,20.33,0x82f0...257c,2026-04-16,2026-04-17,0.0,0.0,0.0,88.0,1,1,1,28.834342,5.08,low,micro,2.38,very_low,very_high,monitor_monthly,high_confidence_low_value,QUICK:0.0087ETH,Base:0.0087ETH,no,no,30.7178
1772,0.00851455,19.93,0x4a2a...aa11,2026-04-26,2026-04-17,0.0,0.0,0.0,60.0,1,1,1,20.4257275,3.99,low,micro,2.33,very_low,very_high,monitor_monthly,speculative,wETH:0.0085ETH,Ethereum:0.0085ETH,no,no,21.4683
1791,0.0082744,19.37,0xf92a...3dbc,2026-04-29,2026-04-17,0.0,2.0,1.0,92.0,2,1,1,29.95443,4.84,low,micro,1.94,very_low,very_high,monitor_monthly,high_confidence_low_value,MORPHO:0.0083ETH,Base:0.0083ETH,no,no,32.5092
1810,0.00817078,19.12,0x9009...de6a,2026-02-18,2026-04-17,57.0,57.0,57.0,95.0,2,1,1,30.7042695,4.78,low,micro,1.12,low,medium,monitor_monthly,high_confidence_low_value,MORPHO:0.0082ETH,Arbitrum:0.0082ETH,no,no,33.479
1829,0.00803976,18.82,0xa3e6...0ee4,2026-12-03,2026-04-17,0.0,0.0,0.0,65.0,1,1,1,21.901988,3.76,low,micro,2.2,very_low,very_high,monitor_monthly,speculative,wBTC:0.008ETH,Ethereum:0.008ETH,no,no,23.0922
1848,0.00790925,18.51,0xfb3b...b839,2026-03-13,2026-04-17,35.0,37.0,36.0,95.0,2,1,1,30.700448,4.63,low,micro,1.1,low,medium,monitor_monthly,high_confidence_low_value,OP:0.0079ETH,Optimism:0.0079ETH,no,no,33.4655
1867,0.0077658,18.17,0xdcf8...8630,2026-04-30,2026-04-17,0.0,0.0,0.0,63.666666666666664,3,3,1,25.207549999999998,3.89,low,micro,0.8,very_low,very_high,monitor_monthly,speculative,PYUSD:0.0029ETH; RLUSD:0.0027ETH; MORPHO:0.0022ETH,Ethereum:0.0078ETH,no,yes,25.009
1886,0.00760902,17.81,0x0e2d...ef33,2026-04-30,2026-04-17,0.0,0.0,0.0,77.0,1,1,1,25.480451,4.45,low,micro,2.09,very_low,very_high,monitor_monthly,high_confidence_low_value,MORPHO:0.0076ETH,Ethereum:0.0076ETH,no,no,27.0285
1905,0.00744708,17.42,0x98b0...6a0c,2026-02-18,2026-04-17,57.0,57.0,57.0,95.0,2,1,1,30.686177,4.36,low,micro,1.02,low,medium,monitor_monthly,high_confidence_low_value,MORPHO:0.0074ETH,Arbitrum:0.0074ETH,no,no,33.441
1924,0.00730942,17.11,0x14bc...c5b1,2026-03-18,2026-04-17,30.0,51.0,40.5,94.5,4,1,1,30.5952795,4.28,low,micro,0.57,low,medium,monitor_monthly,high_confidence_low_value,QUICK:0.0073ETH,Polygon:0.0073ETH,no,no,34.275
1943,0.007210869999999999,16.880000000000003,0x1288...06c4,2026-04-29,2026-04-17,0.0,2.0,1.0,92.0,2,1,1,29.9088745,4.22,low,micro,1.69,very_low,very_high,monitor_monthly,high_confidence_low_value,MORPHO:0.0072ETH,Base:0.0072ETH,no,no,32.4514
1962,0.0070760400000000005,16.57,0x1c0b...586f,2026-04-18,2026-04-17,0.0,43.0,21.0,87.5,4,1,1,30.585314,4.14,low,micro,0.67,very_low,very_high,monitor_monthly,high_confidence_low_value,OP:0.0071ETH,Optimism:0.0071ETH,no,no,32.1623
1981,0.0068602,16.06,0x17dc...b838,2026-04-29,2026-04-17,0.0,2.0,1.0,92.0,2,1,1,29.865315,4.01,low,micro,1.45,very_low,very_high,monitor_monthly,high_confidence_low_value,MORPHO:0.0069ETH,Base:0.0069ETH,no,no,32.4295
2000,0.00667128,15.62,0xda0c...99e4,2026-02-18,2026-04-17,57.0,57.0,57.0,95.0,2,1,1,30.666782,3.9,low,micro,0.91,low,medium,monitor_monthly,high_confidence_low_value,MORPHO:0.0067ETH,Arbitrum:0.0067ETH,no,no,33.4002
2019,0.0065266,15.28,0x15f9...1678,2026-02-18,2026-04-17,57.0,57.0,57.0,95.0,2,1,1,30.663165,3.82,low,micro,0.89,low,medium,monitor_monthly,high_confidence_low_value,MORPHO:0.0065ETH,Arbitrum:0.0065ETH,no,no,33.3926
2038,0.00640109,14.98,0x13f2...93a2,2026-04-29,2026-04-17,0.0,2.0,1.0,92.0,2,1,1,29.8106345,3.74,low,micro,1.15,very_low,very_high,monitor_monthly,high_confidence_low_value,MORPHO:0.0064ETH,Base:0.0064ETH,no,no,32.4011
2057,0.00620962,14.54,0x7923...3347,2026-04-16,2026-04-17,0.0,0.0,0.0,88.0,2,1,1,28.5552405,3.64,low,micro,0.85,very_low,very_high,monitor_monthly,high_confidence_low_value,QUICK:0.0062ETH,Base:0.0062ETH,no,no,31.066
2076,0.00605531,14.17,0x6518...a3b7,2026-04-16,2026-04-17,0.0,0.0,0.0,57.0,1,1,1,19.402765499999997,2.83,low,micro,1.66,very_low,very_high,monitor_monthly,speculative,PYUSD:0.0061ETH,Ethereum:0.0061ETH,no,no,20.343
2095,0.00590607,13.82,0xbf0a...6e88,2026-04-14,2026-04-17,2.0,2.0,2.0,92.0,1,1,1,29.895303499999997,3.46,low,micro,1.62,very_low,very_high,monitor_monthly,high_confidence_low_value,MORPHO:0.0059ETH,Base:0.0059ETH,no,no,31.8848
2114,0.00582881,13.64,0x3ef3...d9ae,2026-04-24,2026-04-17,0.0,0.0,0.0,80.0,1,1,1,26.2914405,3.41,low,micro,1.6,very_low,very_high,monitor_monthly,high_confidence_low_value,WELL:0.0058ETH,Base:0.0058ETH,no,no,27.9206
2133,0.00571355,13.37,0xd529...b32b,2026-04-16,2026-04-17,0.0,0.0,0.0,57.0,1,1,1,19.385677499999996,2.67,low,micro,1.57,very_low,very_high,monitor_monthly,speculative,RLUSD:0.0057ETH,Ethereum:0.0057ETH,no,no,20.3242
2152,0.00566071,13.25,0x2302...017e,2026-04-14,2026-04-17,2.0,2.0,2.0,92.0,1,1,1,29.8830355,3.31,low,micro,1.55,very_low,very_high,monitor_monthly,high_confidence_low_value,MORPHO:0.0057ETH,Base:0.0057ETH,no,no,31.8713
2171,0.00561708,13.15,0x4ad5...e1e0,2026-04-14,2026-04-17,2.0,2.0,2.0,92.0,1,1,1,29.880854,3.29,low,micro,1.54,very_low,very_high,monitor_monthly,high_confidence_low_value,MORPHO:0.0056ETH,Base:0.0056ETH,no,no,31.8689
2190,0.00555284,13.0,0x54f2...f816,2026-04-14,2026-04-17,2.0,2.0,2.0,92.0,1,1,1,29.877641999999998,3.25,low,micro,1.52,very_low,very_high,monitor_monthly,high_confidence_low_value,MORPHO:0.0056ETH,Base:0.0056ETH,no,no,31.8654
2209,0.00547173,12.81,0x621b...cccc,2026-04-23,2026-04-17,0.0,0.0,0.0,88.0,1,1,1,28.6735865,3.2,low,micro,1.5,very_low,very_high,monitor_monthly,high_confidence_low_value,QUICK:0.0055ETH,Base:0.0055ETH,no,no,30.5409
2228,0.005419230000000001,12.69,0x0302...0fbe,2026-04-29,2026-04-17,0.0,2.0,1.0,92.0,2,1,1,29.759486499999998,3.17,low,micro,0.87,very_low,very_high,monitor_monthly,high_confidence_low_value,MORPHO:0.0054ETH,Base:0.0054ETH,no,no,32.3469
2247,0.00528692,12.37,0x4e73...6039,2026-04-14,2026-04-17,2.0,2.0,2.0,92.0,1,1,1,29.864345999999998,3.09,low,micro,1.45,very_low,very_high,monitor_monthly,high_confidence_low_value,MORPHO:0.0053ETH,Base:0.0053ETH,no,no,31.8508
2266,0.0052014,12.17,0x66e0...6ca8,2026-04-14,2026-04-17,2.0,2.0,2.0,92.0,1,1,1,29.860069999999997,3.04,low,micro,1.43,very_low,very_high,monitor_monthly,high_confidence_low_value,MORPHO:0.0052ETH,Base:0.0052ETH,no,no,31.8461
2285,0.0051222,11.99,0x871c...823d,2026-04-16,2026-04-17,0.0,0.0,0.0,57.0,1,1,1,19.356109999999997,2.4,low,micro,1.4,very_low,very_high,monitor_monthly,speculative,PYUSD:0.0051ETH,Ethereum:0.0051ETH,no,no,20.2917
2304,0.00501888,11.75,0x351b...4ddf,2026-02-18,2026-04-17,57.0,57.0,57.0,95.0,1,1,1,30.750944,2.94,low,micro,1.38,low,medium,monitor_monthly,high_confidence_low_value,MORPHO:0.005ETH,Arbitrum:0.005ETH,no,no,32.826
2323,0.00490392,11.48,0x52e8...3bab,2026-02-18,2026-04-17,57.0,57.0,57.0,95.0,2,1,1,30.622598,2.88,low,micro,0.67,low,medium,monitor_monthly,high_confidence_low_value,MORPHO:0.0049ETH,Arbitrum:0.0049ETH,no,no,33.3075
2342,0.00483867,11.32,0x2fa0...6992,2026-04-29,2026-04-17,0.0,2.0,1.0,92.0,2,1,1,29.7254075,2.83,low,micro,0.69,very_low,very_high,monitor_monthly,high_confidence_low_value,MORPHO:0.0048ETH,Base:0.0048ETH,no,no,32.3145
2361,0.00478026,11.18,0xcf75...dd85,2026-02-18,2026-04-17,57.0,57.0,57.0,95.0,2,1,1,30.6195065,2.8,low,micro,0.65,low,medium,monitor_monthly,high_confidence_low_value,MORPHO:0.0048ETH,Arbitrum:0.0048ETH,no,no,33.301
2380,0.00473171,11.07,0x1a22...5aed,2026-04-14,2026-04-17,2.0,2.0,2.0,92.0,1,1,1,29.836585499999998,2.77,low,micro,1.3,very_low,very_high,monitor_monthly,high_confidence_low_value,MORPHO:0.0047ETH,Base:0.0047ETH,no,no,31.8202
2399,0.00471072,11.02,0x0806...26c3,2026-04-14,2026-04-17,2.0,2.0,2.0,92.0,1,1,1,29.835535999999998,2.75,low,micro,1.29,very_low,very_high,monitor_monthly,high_confidence_low_value,MORPHO:0.0047ETH,Base:0.0047ETH,no,no,31.8191
2418,0.00467371,10.94,0x03e6...d521,2026-04-14,2026-04-17,2.0,2.0,2.0,92.0,1,1,1,29.833685499999998,2.73,low,micro,1.28,very_low,very_high,monitor_monthly,high_confidence_low_value,MORPHO:0.0047ETH,Base:0.0047ETH,no,no,31.8171
2437,0.00462176,10.82,0x8ce2...d9f8,2026-04-14,2026-04-17,2.0,2.0,2.0,92.0,1,1,1,29.831087999999998,2.71,low,micro,1.27,very_low,very_high,monitor_monthly,high_confidence_low_value,MORPHO:0.0046ETH,Base:0.0046ETH,no,no,31.8142
2456,0.00454151,10.629999999999999,0x7ec3...5f36,2026-04-30,2026-04-17,0.0,57.0,28.5,86.0,2,1,2,30.565713,2.66,low,micro,0.88,low,medium,monitor_monthly,high_confidence_low_value,MORPHO:0.0045ETH,Ethereum:0.0032ETH; Arbitrum:0.0013ETH,no,no,30.5836
2475,0.00450225,10.54,0x88ab...2248,2026-04-16,2026-04-17,0.0,0.0,0.0,88.0,1,1,1,28.6251125,2.63,low,micro,1.23,very_low,very_high,monitor_monthly,high_confidence_low_value,QUICK:0.0045ETH,Base:0.0045ETH,no,no,30.4876
2494,0.004409,10.32,0xff2c...33f8,2026-04-29,2026-04-17,0.0,2.0,1.0,92.0,2,1,1,29.7412885,2.58,low,micro,0.77,very_low,very_high,monitor_monthly,high_confidence_low_value,MORPHO:0.0044ETH,Base:0.0044ETH,no,no,32.2946
2513,0.00434649,10.17,0xca1a...b9e1,2026-04-14,2026-04-17,2.0,2.0,2.0,92.0,1,1,1,29.817324499999998,2.54,low,micro,1.19,very_low,very_high,monitor_monthly,high_confidence_low_value,MORPHO:0.0043ETH,Base:0.0043ETH,no,no,31.7991
2532,0.00427162,10.0,0x95a4...fd2c,2026-04-14,2026-04-17,2.0,2.0,2.0,92.0,1,1,1,29.813581,2.5,low,micro,1.17,very_low,very_high,monitor_monthly,high_confidence_low_value,MORPHO:0.0043ETH,Base:0.0043ETH,no,no,31.7949
2551,0.00423578,9.91,0x14dd...0cd9,2026-04-14,2026-04-17,2.0,2.0,2.0,92.0,1,1,1,29.811788999999997,2.48,low,micro,1.16,very_low,very_high,monitor_monthly,high_confidence_low_value,MORPHO:0.0042ETH,Base:0.0042ETH,no,no,31.793
2570,0.00417318,9.77,0x8488...9075,2026-04-14,2026-04-17,2.0,2.0,2.0,92.0,1,1,1,29.808659,2.44,low,micro,1.14,very_low,very_high,monitor_monthly,high_confidence_low_value,MORPHO:0.0042ETH,Base:0.0042ETH,no,no,31.7895
2589,0.00410227,9.6,0x8a4e...7a15,2026-04-14,2026-04-17,2.0,2.0,2.0,92.0,1,1,1,29.805113499999997,2.4,low,micro,1.12,very_low,very_high,monitor_monthly,high_confidence_low_value,MORPHO:0.0041ETH,Base:0.0041ETH,no,no,31.7856
2608,0.00404557,9.47,0x5a7b...86d8,2026-04-14,2026-04-17,2.0,2.0,2.0,92.0,1,1,1,29.802278499999996,2.37,low,micro,1.11,very_low,very_high,monitor_monthly,high_confidence_low_value,MORPHO:0.004ETH,Base:0.004ETH,no,no,31.7825
2627,0.00397516,9.3,0xf50c...354a,2026-04-14,2026-04-17,2.0,2.0,2.0,92.0,1,1,1,29.798758,2.33,low,micro,1.09,very_low,very_high,monitor_monthly,high_confidence_low_value,MORPHO:0.004ETH,Base:0.004ETH,no,no,31.7786
2646,0.00391874,9.17,0xff6f...28dc,2026-04-16,2026-04-17,0.0,0.0,0.0,57.0,2,2,1,19.199716,1.83,low,micro,0.55,very_low,very_high,monitor_monthly,speculative,RLUSD:0.002ETH; PYUSD:0.0019ETH,Ethereum:0.0039ETH,no,yes,21.2159
2665,0.00386778,9.05,0xe9a6...4f79,2026-04-14,2026-04-17,2.0,2.0,2.0,92.0,1,1,1,29.793388999999998,2.26,low,micro,1.06,very_low,very_high,monitor_monthly,high_confidence_low_value,MORPHO:0.0039ETH,Base:0.0039ETH,no,no,31.7727
2684,0.00382448,8.95,0x4194...e824,2026-04-14,2026-04-17,2.0,2.0,2.0,92.0,1,1,1,29.791223999999996,2.24,low,micro,1.05,very_low,very_high,monitor_monthly,high_confidence_low_value,MORPHO:0.0038ETH,Base:0.0038ETH,no,no,31.7703
2703,0.00378552,8.86,0xe06a...86a3,2026-04-14,2026-04-17,2.0,2.0,2.0,92.0,1,1,1,29.789275999999997,2.21,low,micro,1.04,very_low,very_high,monitor_monthly,high_confidence_low_value,MORPHO:0.0038ETH,Base:0.0038ETH,no,no,31.7682
2722,0.00377899,8.84,0x5890...7155,2026-04-14,2026-04-17,2.0,2.0,2.0,92.0,1,1,1,29.788949499999998,2.21,low,micro,1.04,very_low,very_high,monitor_monthly,high_confidence_low_value,MORPHO:0.0038ETH,Base:0.0038ETH,no,no,31.7678
2741,0.0037649500000000004,8.81,0xca9b...c644,2026-04-29,2026-04-17,0.0,2.0,1.0,92.0,2,1,1,29.715776499999997,2.2,low,micro,0.63,very_low,very_high,monitor_monthly,high_confidence_low_value,MORPHO:0.0038ETH,Base:0.0038ETH,no,no,32.2598
2760,0.00375082,8.78,0x7450...39e9,2026-04-14,2026-04-17,2.0,2.0,2.0,92.0,1,1,1,29.787540999999997,2.19,low,micro,1.03,very_low,very_high,monitor_monthly,high_confidence_low_value,MORPHO:0.0038ETH,Base:0.0038ETH,no,no,31.7663
2779,0.00372865,8.73,0x5252...7b90,2026-04-16,2026-04-17,0.0,0.0,0.0,88.0,1,1,1,28.586432499999997,2.18,low,micro,1.02,very_low,very_high,monitor_monthly,high_confidence_low_value,QUICK:0.0037ETH,Base:0.0037ETH,no,no,30.4451
2798,0.00366335,8.57,0x80b7...92bb,2026-04-29,2026-04-17,0.0,0.0,0.0,92.0,1,1,1,29.783167499999998,2.14,low,micro,1.0,very_low,very_high,monitor_monthly,high_confidence_low_value,MORPHO:0.0037ETH,Base:0.0037ETH,no,no,31.7615
2817,0.00359734,8.42,0xcca6...2738,2026-04-24,2026-04-17,0.0,0.0,0.0,80.0,1,1,1,26.179867,2.1,low,micro,0.99,very_low,very_high,monitor_monthly,high_confidence_low_value,WELL:0.0036ETH,Base:0.0036ETH,no,no,27.7979
2836,0.00351548,8.219999999999999,0x7a10...6f81,2026-04-29,2026-04-17,0.0,2.0,1.0,92.0,2,1,1,29.7205995,2.06,low,micro,0.66,very_low,very_high,monitor_monthly,high_confidence_low_value,MORPHO:0.0035ETH,Base:0.0035ETH,no,no,32.2478
2855,0.00341444,7.99,0x91b2...9590,2026-04-16,2026-04-17,0.0,0.0,0.0,57.0,1,1,1,19.270722,1.6,low,micro,0.94,very_low,very_high,monitor_monthly,speculative,RLUSD:0.0034ETH,Ethereum:0.0034ETH,no,no,20.1978
2874,0.00338306,7.92,0xb4f2...17e0,2026-04-14,2026-04-17,2.0,2.0,2.0,92.0,1,1,1,29.769153,1.98,low,micro,0.93,very_low,very_high,monitor_monthly,high_confidence_low_value,MORPHO:0.0034ETH,Base:0.0034ETH,no,no,31.7461
2893,0.0033431,7.82,0x1dc7...6d57,2026-04-14,2026-04-17,2.0,2.0,2.0,92.0,1,1,1,29.767155,1.96,low,micro,0.92,very_low,very_high,monitor_monthly,high_confidence_low_value,MORPHO:0.0033ETH,Base:0.0033ETH,no,no,31.7439
2912,0.00330407,7.73,0x142b...6527,2026-04-14,2026-04-17,2.0,2.0,2.0,92.0,1,1,1,29.7652035,1.93,low,micro,0.91,very_low,very_high,monitor_monthly,high_confidence_low_value,MORPHO:0.0033ETH,Base:0.0033ETH,no,no,31.7417
2931,0.00325904,7.63,0x5cf1...1edc,2026-04-14,2026-04-17,2.0,2.0,2.0,92.0,1,1,1,29.762952,1.91,low,micro,0.89,very_low,very_high,monitor_monthly,high_confidence_low_value,MORPHO:0.0033ETH,Base:0.0033ETH,no,no,31.7392
2950,0.00322208,7.54,0xe1fa...0fae,2026-04-16,2026-04-17,0.0,0.0,0.0,57.0,1,1,1,19.261104,1.51,low,micro,0.88,very_low,very_high,monitor_monthly,speculative,PYUSD:0.0032ETH,Ethereum:0.0032ETH,no,no,20.1872
2969,0.00317589,7.43,0xa853...e343,2026-04-14,2026-04-17,2.0,2.0,2.0,92.0,1,1,1,29.758794499999997,1.86,low,micro,0.87,very_low,very_high,monitor_monthly,high_confidence_low_value,MORPHO:0.0032ETH,Base:0.0032ETH,no,no,31.7347
2988,0.0031238,7.31,0xcf30...8226,2026-04-14,2026-04-17,2.0,2.0,2.0,92.0,1,1,1,29.756189999999997,1.83,low,micro,0.86,very_low,very_high,monitor_monthly,high_confidence_low_value,MORPHO:0.0031ETH,Base:0.0031ETH,no,no,31.7318
3007,0.00306214,7.16,0x8410...e6dd,2026-02-18,2026-04-17,57.0,57.0,57.0,95.0,2,1,1,30.5765535,1.8,low,micro,0.42,low,medium,monitor_monthly,high_confidence_low_value,MORPHO:0.0031ETH,Arbitrum:0.0031ETH,no,no,33.2108
3026,0.00300997,7.04,0xee4d...af90,2026-04-14,2026-04-17,2.0,2.0,2.0,92.0,1,1,1,29.7504985,1.76,low,micro,0.82,very_low,very_high,monitor_monthly,high_confidence_low_value,MORPHO:0.003ETH,Base:0.003ETH,no,no,31.7255
3045,0.0029785,6.97,0xc73b...5f37,2026-04-14,2026-04-17,2.0,2.0,2.0,92.0,1,1,1,29.748924999999996,1.74,low,micro,0.82,very_low,very_high,monitor_monthly,high_confidence_low_value,MORPHO:0.003ETH,Base:0.003ETH,no,no,31.7238
3064,0.00292808,6.85,0x1fd8...8f68,2026-04-14,2026-04-17,2.0,2.0,2.0,92.0,1,1,1,29.746404,1.71,low,micro,0.8,very_low,very_high,monitor_monthly,high_confidence_low_value,MORPHO:0.0029ETH,Base:0.0029ETH,no,no,31.721
3083,0.00289176,6.77,0x3485...5549,2026-04-14,2026-04-17,2.0,2.0,2.0,92.0,1,1,1,29.744587999999997,1.69,low,micro,0.79,very_low,very_high,monitor_monthly,high_confidence_low_value,MORPHO:0.0029ETH,Base:0.0029ETH,no,no,31.719
3102,0.00285552,6.68,0x26f4...a6a0,2026-04-14,2026-04-17,2.0,2.0,2.0,92.0,1,1,1,29.742776,1.67,low,micro,0.78,very_low,very_high,monitor_monthly,high_confidence_low_value,MORPHO:0.0029ETH,Base:0.0029ETH,no,no,31.7171
3121,0.00283597,6.64,0xeac9...5cd6,2026-04-14,2026-04-17,2.0,2.0,2.0,92.0,1,1,1,29.741798499999998,1.66,low,micro,0.78,very_low,very_high,monitor_monthly,high_confidence_low_value,MORPHO:0.0028ETH,Base:0.0028ETH,no,no,31.716
3140,0.00282768,6.62,0xb7f0...3704,2026-02-18,2026-04-17,58.0,58.0,58.0,95.0,1,1,1,30.641384,1.66,low,micro,0.77,low,medium,monitor_monthly,high_confidence_low_value,QUICK:0.0028ETH,Polygon:0.0028ETH,no,no,32.7055
3159,0.00281084,6.58,0xf02a...cc29,2026-04-29,2026-04-17,0.0,2.0,1.0,92.0,2,1,1,29.678368499999998,1.65,low,micro,0.43,very_low,very_high,monitor_monthly,high_confidence_low_value,MORPHO:0.0028ETH,Base:0.0028ETH,no,no,32.2084
3178,0.0027865,6.52,0xbc60...1a8e,2026-04-14,2026-04-17,2.0,2.0,2.0,92.0,1,1,1,29.739324999999997,1.63,low,micro,0.76,very_low,very_high,monitor_monthly,high_confidence_low_value,MORPHO:0.0028ETH,Base:0.0028ETH,no,no,31.7133
3197,0.0027433,6.42,0x515f...97c7,2026-04-14,2026-04-17,2.0,2.0,2.0,92.0,1,1,1,29.737164999999997,1.6,low,micro,0.75,very_low,very_high,monitor_monthly,high_confidence_low_value,MORPHO:0.0027ETH,Base:0.0027ETH,no,no,31.7109
3216,0.0027039,6.33,0x2607...47cb,2026-02-18,2026-04-17,58.0,58.0,58.0,95.0,1,1,1,30.635195,1.58,low,micro,0.74,low,medium,monitor_monthly,high_confidence_low_value,QUICK:0.0027ETH,Polygon:0.0027ETH,no,no,32.6987
3235,0.0026537,6.21,0x802d...aff7,2026-04-14,2026-04-17,2.0,2.0,2.0,92.0,1,1,1,29.732684999999996,1.55,low,micro,0.73,very_low,very_high,monitor_monthly,high_confidence_low_value,MORPHO:0.0027ETH,Base:0.0027ETH,no,no,31.706
3254,0.00260721,6.1,0x2466...291c,2026-04-14,2026-04-17,2.0,2.0,2.0,92.0,1,1,1,29.730360499999996,1.52,low,micro,0.71,very_low,very_high,monitor_monthly,high_confidence_low_value,MORPHO:0.0026ETH,Base:0.0026ETH,no,no,31.7034
3273,0.0025712,6.02,0x37dd...5e90,2026-04-14,2026-04-17,2.0,2.0,2.0,92.0,1,1,1,29.728559999999998,1.5,low,micro,0.7,very_low,very_high,monitor_monthly,high_confidence_low_value,MORPHO:0.0026ETH,Base:0.0026ETH,no,no,31.7014
3292,0.0025189,5.9,0xe168...20a3,2026-04-14,2026-04-17,2.0,2.0,2.0,92.0,1,1,1,29.725945,1.48,low,micro,0.69,very_low,very_high,monitor_monthly,high_confidence_low_value,MORPHO:0.0025ETH,Base:0.0025ETH,no,no,31.6985
3311,0.00246833,5.78,0xe88e...e536,2026-04-29,2026-04-17,0.0,0.0,0.0,92.0,1,1,1,29.7234165,1.45,low,micro,0.68,very_low,very_high,monitor_monthly,high_confidence_low_value,MORPHO:0.0025ETH,Base:0.0025ETH,no,no,31.6958
3330,0.00242921,5.69,0x9895...d0a0,2026-04-24,2026-04-17,0.0,0.0,0.0,80.0,1,1,1,26.1214605,1.42,low,micro,0.67,very_low,very_high,monitor_monthly,high_confidence_low_value,WELL:0.0024ETH,Base:0.0024ETH,no,no,27.7336
3349,0.00239188,5.6,0xe256...f01d,2026-04-16,2026-04-17,0.0,0.0,0.0,88.0,1,1,1,28.519593999999998,1.4,low,micro,0.66,very_low,very_high,monitor_monthly,high_confidence_low_value,QUICK:0.0024ETH,Base:0.0024ETH,no,no,30.3716
3368,0.00235338,5.51,0x1215...5595,2026-04-30,2026-04-17,0.0,0.0,0.0,77.0,1,1,1,25.217668999999997,1.38,low,micro,0.64,very_low,very_high,monitor_monthly,high_confidence_low_value,MORPHO:0.0024ETH,Ethereum:0.0024ETH,no,no,26.7394
3387,0.00231375,5.41,0x6947...3d61,2026-04-29,2026-04-17,0.0,2.0,1.0,92.0,2,1,1,29.664326,1.35,low,micro,0.35,very_low,very_high,monitor_monthly,high_confidence_low_value,MORPHO:0.0023ETH,Base:0.0023ETH,no,no,32.1821
3406,0.0022733,5.32,0x5d59...e477,2026-04-14,2026-04-17,2.0,2.0,2.0,92.0,1,1,1,29.713665,1.33,low,micro,0.62,very_low,very_high,monitor_monthly,high_confidence_low_value,MORPHO:0.0023ETH,Base:0.0023ETH,no,no,31.685
3425,0.00225288,5.27,0xd00c...400b,2026-04-30,2026-04-17,0.0,0.0,0.0,77.0,1,1,1,25.212643999999997,1.32,low,micro,0.62,very_low,very_high,monitor_monthly,high_confidence_low_value,MORPHO:0.0023ETH,Ethereum:0.0023ETH,no,no,26.7339
3444,0.00223144,5.22,0x5ca2...4801,2026-02-18,2026-04-17,57.0,57.0,57.0,95.0,2,1,1,30.555786,1.3,low,micro,0.31,low,medium,monitor_monthly,high_confidence_low_value,MORPHO:0.0022ETH,Arbitrum:0.0022ETH,no,no,33.1672
3463,0.00219924,5.15,0x2606...37ba,2026-04-14,2026-04-17,2.0,2.0,2.0,92.0,1,1,1,29.709961999999997,1.29,low,micro,0.6,very_low,very_high,monitor_monthly,high_confidence_low_value,MORPHO:0.0022ETH,Base:0.0022ETH,no,no,31.681
3482,0.00216508,5.07,0x67a6...8f10,2026-04-14,2026-04-17,2.0,2.0,2.0,92.0,1,1,1,29.708253999999997,1.27,low,micro,0.59,very_low,very_high,monitor_monthly,high_confidence_low_value,MORPHO:0.0022ETH,Base:0.0022ETH,no,no,31.6791
3501,0.00213335,4.99,0x9182...676a,2026-04-14,2026-04-17,2.0,2.0,2.0,92.0,1,1,1,29.7066675,1.25,low,micro,0.58,very_low,very_high,monitor_monthly,high_confidence_low_value,MORPHO:0.0021ETH,Base:0.0021ETH,no,no,31.6773
3520,0.00209109,4.89,0xe6f4...ef07,2026-04-18,2026-04-17,0.0,0.0,0.0,75.0,1,1,1,24.6045545,1.22,low,micro,0.57,very_low,very_high,monitor_monthly,high_confidence_low_value,OP:0.0021ETH,Optimism:0.0021ETH,no,no,26.065
3539,0.00206933,4.84,0x0162...d3d9,2026-04-16,2026-04-17,0.0,0.0,0.0,57.0,1,1,1,19.203466499999998,0.97,low,micro,0.57,very_low,very_high,monitor_monthly,speculative,RLUSD:0.0021ETH,Ethereum:0.0021ETH,no,no,20.1238
3558,0.00204451,4.78,0xbb3f...5401,2026-04-16,2026-04-17,0.0,0.0,0.0,57.0,1,1,1,19.202225499999997,0.96,low,micro,0.56,very_low,very_high,monitor_monthly,speculative,RLUSD:0.002ETH,Ethereum:0.002ETH,no,no,20.1224
3577,0.00202354,4.74,0x51a2...ff11,2026-04-16,2026-04-17,0.0,0.0,0.0,88.0,1,1,1,28.501177,1.19,low,micro,0.55,very_low,very_high,monitor_monthly,high_confidence_low_value,QUICK:0.002ETH,Base:0.002ETH,no,no,30.3513
3596,0.00199426,4.67,0xec04...4231,2026-04-14,2026-04-17,2.0,2.0,2.0,92.0,1,1,1,29.699713,1.17,low,micro,0.55,very_low,very_high,monitor_monthly,high_confidence_low_value,MORPHO:0.002ETH,Base:0.002ETH,no,no,31.6697
3615,0.00197873,4.63,0xf460...a102,2026-04-14,2026-04-17,2.0,2.0,2.0,92.0,1,1,1,29.6989365,1.16,low,micro,0.54,very_low,very_high,monitor_monthly,high_confidence_low_value,MORPHO:0.002ETH,Base:0.002ETH,no,no,31.6688
3634,0.00195013,4.56,0x3593...cc26,2026-04-14,2026-04-17,2.0,2.0,2.0,92.0,1,1,1,29.6975065,1.14,low,micro,0.53,very_low,very_high,monitor_monthly,high_confidence_low_value,MORPHO:0.002ETH,Base:0.002ETH,no,no,31.6673
3653,0.00191932,4.49,0xe6ce...3358,2026-04-14,2026-04-17,2.0,2.0,2.0,92.0,1,1,1,29.695966,1.12,low,micro,0.53,very_low,very_high,monitor_monthly,high_confidence_low_value,MORPHO:0.0019ETH,Base:0.0019ETH,no,no,31.6656
3672,0.00190808,4.47,0xb8c1...c0f5,2026-04-24,2026-04-17,0.0,0.0,0.0,80.0,1,1,1,26.095404,1.12,low,micro,0.52,very_low,very_high,monitor_monthly,high_confidence_low_value,WELL:0.0019ETH,Base:0.0019ETH,no,no,27.7049
3691,0.00189544,4.44,0x86ef...2d83,2026-04-14,2026-04-17,2.0,2.0,2.0,92.0,1,1,1,29.694771999999997,1.11,low,micro,0.52,very_low,very_high,monitor_monthly,high_confidence_low_value,MORPHO:0.0019ETH,Base:0.0019ETH,no,no,31.6642
3710,0.00189258,4.43,0x799c...618c,2026-04-14,2026-04-17,2.0,2.0,2.0,92.0,1,1,1,29.694629,1.11,low,micro,0.52,very_low,very_high,monitor_monthly,high_confidence_low_value,MORPHO:0.0019ETH,Base:0.0019ETH,no,no,31.6641
3729,0.00189074,4.43,0x694f...7fd5,2026-04-14,2026-04-17,2.0,2.0,2.0,92.0,1,1,1,29.694536999999997,1.11,low,micro,0.52,very_low,very_high,monitor_monthly,high_confidence_low_value,MORPHO:0.0019ETH,Base:0.0019ETH,no,no,31.664
3748,0.00188693,4.42,0xe9f1...b22f,2026-04-16,2026-04-17,0.0,0.0,0.0,57.0,1,1,1,19.194346499999998,0.88,low,micro,0.52,very_low,very_high,monitor_monthly,speculative,PYUSD:0.0019ETH,Ethereum:0.0019ETH,no,no,20.1138
3767,0.0018833,4.41,0x39aa...e619,2026-04-14,2026-04-17,2.0,2.0,2.0,92.0,1,1,1,29.694164999999998,1.1,low,micro,0.52,very_low,very_high,monitor_monthly,high_confidence_low_value,MORPHO:0.0019ETH,Base:0.0019ETH,no,no,31.6636
3786,0.00187987,4.4,0xf9f8...e0af,2026-04-14,2026-04-17,2.0,2.0,2.0,92.0,1,1,1,29.693993499999998,1.1,low,micro,0.52,very_low,very_high,monitor_monthly,high_confidence_low_value,MORPHO:0.0019ETH,Base:0.0019ETH,no,no,31.6634
3805,0.00187429,4.39,0x97da...1320,2026-04-14,2026-04-17,2.0,2.0,2.0,92.0,1,1,1,29.6937145,1.1,low,micro,0.51,very_low,very_high,monitor_monthly,high_confidence_low_value,MORPHO:0.0019ETH,Base:0.0019ETH,no,no,31.6631
